Nabisco Cookies Sweet Treats Variety Pack Cookies,6.32
Dunkin Donuts Original Blend Coffee KCup Pods 64 Count,32.87
KIND Bars,14.22
Viva Naturals Organic Extra Virgin Coconut Oil 16 Ounce,13.99
Festival Candy Eyes Treat Toppers 29 Ounce,7.62
Brachs Kiddie Mix Variety Pack Individually Wrapped Candies,8.38
M&MS Variety Pack Chocolate Candy Singles Size,11.84
Jade Leaf Matcha Green Tea Powder,9.95
Red Bull Energy Drink Sugar Free,31.99
Slim Jim SnackSized Smoked Meat Sticks,2.98
Quest Nutrition Chocolate Chip Cookie Dough Protein Bar,22.5
Green Mountain Coffee Roasters Breakfast Blend,30.23
PopTarts Breakfast Toaster Pastries,2.75
Spectrum Essentials Organic Ground Flaxseed,7.7
FritoLay Party Mix (40 Count) Variety Pack,16.98
SNICKERS M&MS TWIX Fun Size Chocolate Candy Variety Mix,9.94
PLANTERS Variety Packs ,8.76
Nespresso Vertuoline Coffee,33
Airheads Candy Bars,10.98
Planters Deluxe Whole Cashews,8.58
FIJI Natural Artesian Water,19.76
Keto Pancake & Waffle Mix by Keto and Co,9.99
Amazon Brand  100 Ct Solimo Dark Roast Coffee Pods,29.99
Nespresso VertuoLine Coffee,33
KIND Bars Dark Chocolate Nuts & Sea Salt,14.22
Think! High Protein Bars,15.66
Donut Shop Blend for KCup Keurig 20 Brewers,22.07
HighKey Snacks Keto Mini Low Carb Cookies,13.97
Orgain Organic Plant Based Protein Powder Creamy Chocolate Fudge,26.39
Welchs Mixed Fruit Snacks 40 Count,5.99
Amazon Brand  100 Ct Solimo Dark Roast Coffee Pods French Roast,33.79
Clif Kid ZBAR  Organic Granola Bars  Chocolate Brownie,10.46
Essentia Water Ionized Alkaline Bottled Water; Electrolytes for Taste Better Rehydration,17.96
FritoLay Classic Mix Variety Pack 35 Count,13.07
The Original Donut Shop Keurig SingleServe KCup Pods Regular Medium Roast Coffee,34.25
Nestle Assorted Sugar MixUps,9.81
Keurig Coffee Lovers Collection Sampler Pack Single Serve KCup Pods,23.83
Arm & Hammer Baking Soda 5 Lbs,3.24
StarKist Chunk Light Tuna in Water 5 Ounce Cans,5.96
Wonderful Pistachios Roasted and Salted 32 Ounce Bag,13.03
Original SOUR PATCH KIDS & SWEDISH FISH Halloween Candy Variety,12.99
Lavazza Super Crema Whole Bean Coffee Blend Medium Espresso Roast,22.2
KRAFT Easy Mac Macaroni & Cheese 18 Single Serving Pouches,5.98
KIND Bars Peanut Butter Dark Chocolate Gluten Free14 Ounce12 Count,12.35
Nespresso OriginalLine Variety Pack Capsules 50 Count Espresso Pods,35
Pure Protein Bars High Protein Nutritious Snacks,14.57
Peets Coffee Major Dickasons Blend Dark Roast,37.99
Quaker Chewy Granola Bars Variety Pack 18 Bars,2.97
Pepperidge Farm Goldfish Crackers Classic Mix 29,9.98
Evian Natural Spring Water,14.48
LIFE SAVERS Mints WintOGreen Hard Candy,14.07
Propel Berry Zero Calorie Sports Drinking Water,6.38
nutpods 2019 Winter Collection 3pack,14.95
Airheads Candy Bars Variety Halloween,7.98
Bulk Assorted Fruit Candy  Starburst Skittles,14.99
Reeses and Kit Kat Halloween Assorted Milk Chocolate Snack Size,12.6
Maruchan Instant Lunch Chicken Flavor 225 Ounce,3.84
Clif Kid ZBAR  Organic Granola Bars  Chocolate Chip,9
Skittles Halloween Candy Fun Size Variety Mix,8.15
Ring POP Individually Wrapped Variety Halloween Party Pack ,6.98
Starbucks Pike Place Roast Medium,49.31
Annies Organic Bunny Fruit Snacks Variety Pack,14.92
Sparkling Ice Black Raspberry Sparkling Water,9.91
IZZE Sparkling Juice 4 Flavor Variety Pack 84 Fl Oz (24 Count),14.48
Perrier Carbonated Mineral Water 169 Fl Oz (24 Pack) Plastic Bottles,17.98
TWIX Caramel Chocolate Cookie Candy Bar Singles 179Ounce Bar 36Count Box,18
Maldon Salt Company Sea Salt Flakes(240 gram box) 053 Pound (1 Count),5.49
Sparkling ICE Black Cherry Sparkling Water with Antioxidants & Vitamins Zero Sugar,9.91
Peets Coffee Major Dickasons Blend Dark Roast Ground Coffee 20 Ounce Peetnik Pack,11.44
Nestle Pure Life Purified Water 169 fl oz Plastic Bottles (12 count),2.23
Stretch Island Fruit Leather Snacks Variety Pack 05 Ounce Pack of 48,11.97
Wilton Candy Eyeballs,2.69
ChocZeros Keto Bark Dark Chocolate Almonds with Sea Salt Sugar Free Low Carb No Sugar,14.99
Boost High Protein Complete Nutritional Drink Rich Chocolate 8 fl oz Bottle 24 Pack,24.48
Kellogg’s Rice Krispies Treats Crispy Marshmallow Squares Original Value,2.99
CheezIt Original Cheese Crackers  School Lunch Food Baked,10.4
Premier Protein 30g Protein Shake Caramel 115 fl oz Shake,23.99
GoGo squeeZ Applesauce on the Go Apple Cinnamon 32 Ounce,5.98
Cacao Soylent Meal Replacement Shake Cacao Complete Meal in a Bottle,39
Larabar Gluten Free Bar Peanut Butter Chocolate Chip 16 oz Bars (16 Count),14.21
Monster Energy Zero Ultra Sugar Free Energy Drink 16 Ounce (Pack of 24),33.98
Clif Kid ZBAR  Organic Granola Bars  Iced Oatmeal Cookie,10.11
HERSHEYS Halloween Candy Variety Mix Bulk Chocolate Candy,25.95
Nestle Pure Life Purified Water 8 fl oz Plastic Bottles (24 Pack),3.29
HERSHEYS All Time Greats Chocolate Halloween Candy,9.98
McCafe Premium Roast Keurig K Cup Coffee Pods 84 Count,32.16
HERSHEYS Jolly Rancher Bulk Halloween Candy 365 pieces 5lbs bag,10.48
Motts Medleys Fruit Snacks Assorted Fruit Gluten Free Snacks Family Size,5.88
Dunkin Donuts Original Blend Medium Roast Coffee 60 K Cups for Keurig Makers,30.82
True Lemon Bulk Dispenser Pack 100 Count,6.3
HUGGIES Simply Clean Fragrancefree Baby Wipes Soft Pack,13.98
Nespresso VertuoLine Coffee Melozio 30 Capsules ( Pack of 3  10 capsules/pack ),33
HERSHEYS Miniatures Chocolate Candy Assortment Party Bag 2lbs,8.69
Snack Pack Chocolate and Vanilla Pudding Cups Family Pack 12 Count,2.56
Shop Succulents MultiSucculent Centerpiece Assortment,29.99
Pringles Flavored Variety Pack Potato Crisps  Original Cheddar Cheese Sour Cream,6.48
SNICKERS TWIX 3 MUSKETEERS & MILKY WAY Full Size Halloween Chocolate Candy Bar,11.84
BetterBody Foods Organic Chia Seeds with Omega3 NonGMO (2 Pound),6.87
Mike’s Hot Honey 12 oz Squeeze Bottle (1 Pack) Honey with a Kick Sweetness & Heat,8.48
Keto and Co Fudge Brownie Mix | All Natural Naturally Sweetened Gluten Free Diabetic,9.99
Nestle Pure Life Purified Water 8 fl oz Plastic Bottles (24 Pack),3.29
CheezIt Baked Snack Cheese Crackers Variety Pack Original White Cheddar Cheddar Jack,4.54
Charmin Ultra Strong Clean Touch Toilet Paper 6 Family Mega Rolls,11.9
Sprite Lemon Lime Soda Soft Drinks 12 fl oz 12 Pack,3.68
Wheat Thins Original Crackers  Family Size 16 Ounce,2.98
Tide PODS Laundry Detergent Liquid Pacs Spring Meadow Scent HE Turbo 72 Count,17.95
CocaCola Soda Soft Drink 12 fl oz 12 Pack,3.68
Heinz White Vinegar (64 oz Jug),2.49
Velveeta Original Shells & Cheese 3 ct  360 oz Package,6.48
Dawn Ultra Dishwashing Liquid Original 2 Count,5.28
Quaker Oatmeal Squares Cereal 145 Oz Box,1.99
Glad Pressn Seal Plastic Food Wrap  70 Square Foot Roll,2.73
Angel Soft Toilet Paper Bath Tissue 12 Double Rolls,5.69
Oreo Double Stuf Chocolate Sandwich Cookies 1535 Ounce,2.89
Campbells Chunky Soup Pub Style Chicken Pot Pie 188 oz,1.78
Wonderful Pistachios Roasted and Salted 16 Ounce Bag,6.49
GoGo squeeZ Applesauce on the Go Variety Pack,5.98
Tostitos Salsa Con Queso  Medium 15 Ounce,3.48
Crest 3D White Radiant Mint Whitening Toothpaste Twin Pack 7 Ounce,6
Glad OdorShieldTall Kitchen Drawstring Trash Bags 13 Gallon White Trash Bag ,12.59
Method Daily Shower Spray Cleaner Eucalyptus Mint 28 Ounce,2.98
Hefty Disposable Plastic Cups in Assorted Colors  16 Ounce 100 Count,6.64
Nestle Pure Life Purified Water 169 fl oz Plastic Bottles,2.23
CheezIt Original Cheese Crackers  School Lunch Food Baked Snack Family Size,2.64
Quaker Chewy Granola Bars Variety Pack 18 Bars,3.73
Pepperidge Farm Goldfish Crackers Cheddar 30 oz Carton,6.85
COMBOS Variety Pack Fun Size Baked Snacks 093Ounce Bag 12Count Box,3.59
belVita Bites Variety Snack Packs  Mini Breakfast Biscuits 12 Count Box 12 Ounce,4.74
Mr Clean Magic Eraser Extra Durable Scrubber & Cleaning Sponge 4ct,4.94
Quilted Northern Ultra Plush Toilet Paper 12 Double Rolls 12,7.47
Swanson Premium White Chunk Chicken Breast 125 oz Can 2 Count,4.98
Dixie Everyday Paper Plates 8 1/2 154 Count Lunch or Light Dinner Size Printed Disposable,7.69
Scott 1000 Sheets Per Roll 12 Toilet Paper Rolls Bath Tissue,9.78
Bounty SelectASize Paper Towels White 6 Double Rolls,9.98
Santitas White Corn Tortilla Chips 11 Ounce,1.96
Planters Dry Roasted Sunflower Kernels 585 oz Jar,1.69
Maruchan Ramen Noodles Chicken Flavor 3 Ounce (Pack of 6),0.99
Quaker Oats Old Fashioned 18 Oz,2.68
DOLE 100% Pineapple Juice 6 Ounce Can (Pack of 6),2.46
Puffs Plus Lotion Facial Tissues 4 Cubes 56 Per Box 224 Count Packaging May Vary Prime Pantry,4.68
Nature Valley Breakfast Biscuits Breakfast Sandwich Almond Butter Filling 5 Pack,2.95
Ghirardelli Double Chocolate Brownie Mix 18Ounces,2.08
Ritz Original Crackers  Fresh Stacks 118 Ounce,1.96
FritoLay Fun Times Mix Variety Pack 28 Count,9.98
Planters Lightly Salted Cashew Halves & Pieces,4.75
Slim Jim SnackSized Smoked Meat Sticks Original Flavor Keto Friendly,2.98
Kraft Easy Mac & Cheese Dinner Cups,5.85
Pepperidge Farm Goldfish Cheddar Crackers 45 oz Multipack Box 30count 15 oz Snack Packs,9.98
Clorox Disinfecting Wipes Value Pack Bleach Free Cleaning Wipes,8.47
Nabisco Snack Pack Variety Cookies Mix with Oreo Chips Ahoy,4.74
Clorox ToiletWand Disinfecting Refills Disposable Wand Heads  20 Count,7.76
Manwich Original Sloppy Joe Sauce 15 Oz,0.96
Windex Original Glass Cleaner Trigger 23 fl oz,2.86
Qtips Cotton Swabs Original 375 ct,2.42
Folgers Classic Roast Coffee 384 Ounce Packaging May Vary,6.76
Ritz Peanut Butter Cracker Sandwiches 8 Count Individual Snack Packs,2.78
Dixie Everyday Disposable Paper Plates,4.69
Clorox Disinfecting Wipes Value Pack Bleach Free Cleaning Wipes  75 Count Each,9.94
DOLE Sliced Yellow Cling Peaches in 100 Fruit Juice 235 Ounce Jar,3.18
Doritos Nacho Cheese Flavored Tortilla Chips Party Size,3.48
Snack Pack Chocolate and Vanilla Pudding Cups Family Pack 12 Count,2.42
Keebler Club Original Crackers  Delicious Party Food and Appetizers Kosher,2.5
Campbells Condensed Chicken Noodle Soup 1075 oz Can 4 Count,3.12
Snuggle Plus Super Fresh Liquid Fabric Softener with Odor Eliminating Technology,7.99
Charmin Ultra Soft Cushiony Touch Toilet Paper 6 Family Mega Rolls,11.9
Ziploc Sandwich Bag 90 Count,2.12
Honey Nut Cheerios Gluten Free Cereal with Oats 195 oz,3.64
365 Everyday Value Pumpkin Puree 15 oz,0.99
Smartfood White Cheddar Flavored Popcorn 12 Singles,4.48
Newtons Fig Fruit Chewy Cookies Snack Packs 12 Count,4.74
Lysol Power & Fresh Toilet Bowl Cleaner Country Scent 48oz,3.72
Orville Redenbachers Movie Theater Butter Microwave Popcorn,9.96
Clorox Disinfecting Bathroom Cleaner Bleach Free,3.18
Planters Dry Roasted Peanuts 345 oz Jar,5.34
Kelloggs NutriGrain Soft Baked Breakfast Bars Strawberry,4.38
Quaker Rice Crisps Sweet & Savory Variety Pack 14 Count,7.99
Premium Saltine Crackers Original 16 Ounce,2.74
Snyders of Hanover Pretzels Variety 100 Calorie Pack 22 Count,6.53
Quilted Northern Ultra Soft & Strong Toilet Paper 12 Double Rolls,6.65
PopTarts Breakfast Toaster Pastries Flavored Variety Pack Frosted,2.75
FritoLay Classic Mix Variety Pack 18 Count,5.99
Amazon Brand  Presto! FlexaSize Paper Towels Huge Rolls,9.99
Kellogg’s Rice Krispies Treats Crispy Marshmallow Squares,3.29
VIVA ChooseASheet Paper Towels,5.49
Campbells Chunky Chili Mac Soup 188 oz Can,1.78
Kool Aid Jammers Variety Pack Juice Pouches,5.98
StarKist Chunk Light Tuna in Water 5 Ounce,5.96
Listerine Cool Mint Antiseptic Mouthwash for Bad Breath Plaque and Gingivitis,6.57
Diet Coke Soda Soft Drink 12 fl oz 12 Pack,3.68
Kraft Original Macaroni & Cheese Dinner,4.5
Kelloggs Breakfast Cereal Variety Fun Pack Frosted Flakes,2.69
Kelloggs Breakfast Cereal Frosted MiniWheats Original,3.64
Krusteaz Wild Blueberry Muffin Mix,1.84
Motts Medleys Fruit Snacks Gluten Free,5.88
Sensible Portions Garden Veggie Straws,4.79
Jack Links Snack Packs Original,5.99
Coke Zero Sugar Diet Soda Soft Drink,3.5
Nature Valley Granola Bars,4.95
COFFEE MATE The Original Powder Coffee Creamer,4.64
Arm & Hammer Laundry Detergent Liquid,9.98
